,WpJets,ZpJets
0,19.35116374450751,5.5599459000968485
