,WpJets,ZpJets
0,11.058927107819061,3.1770967293353003
