,WpJets,ZpJets
0,11608.440078375965,3335.515509319875
