,WpJets,ZpJets
0,25.796083842119348,7.412985945425747
