,WpJets,ZpJets
0,15.48143602391499,4.44775288924981
