,WpJets,ZpJets
0,7738.825152635805,2223.895783627724
