,WpJets,ZpJets
0,12.901682938859402,3.7065214394965222
